<?xml version="1.0" encoding="UTF-8" ?>

<ProcessPurchaseOrder xmlns="http://www.openapplications.org/oagis/9"  xmlns:xsi="http://www.w3.org/2001/XMLSchema-instance" xsi:schemaLocation="http://www.openapplications.org/oagis/9 ProcessPurchaseOrder.xsd" releaseID="normalizedString">
    <ApplicationArea>
        <CreationDateTime>2019-08-12</CreationDateTime>
    </ApplicationArea>
    <DataArea>
        <Process></Process>
        <PurchaseOrder>
            <PurchaseOrderHeader>
                <DocumentID>
                    <ID>5500210557</ID>
                </DocumentID>
                <Status>Açık</Status>
                <SupplierParty>
                    <PartyIDs>
                        <ID></ID>
                    </PartyIDs>
                </SupplierParty>
                <ShipToParty>
                    <Location>
                        <ID>2040</ID>
                        <Name>Müşteri Teslim Adresi</Name>
                        <Directions></Directions>
                        <Address>
                            <AddressLine sequence="1"></AddressLine>
                            <AddressLine sequence="2"></AddressLine>
                            <CityName></CityName>
                            <CountrySubDivisionCode></CountrySubDivisionCode>
                            <CountryCode></CountryCode>
                            <PostalCode></PostalCode>
                        </Address>
                    </Location>
                </ShipToParty>
                <RequestedShipDateTime>2019-08-15</RequestedShipDateTime>
                <ReleaseNumber></ReleaseNumber>
                <Buyer>SYSTEM1</Buyer>
                <OrderType>DSW</OrderType>
            </PurchaseOrderHeader>
            <PurchaseOrderLine>
                <LineNumber>00020</LineNumber>
                <Status>Açık</Status>
                <Item>
                    <ItemID>
                        <ID>8699982624247</ID>
                    </ItemID>
                    <CustomerItemID>
                        <ID>000000001000270640</ID>
                    </CustomerItemID>
                    <ManufacturerItemID>
                        <ID></ID>
                    </ManufacturerItemID>
                    <SupplierItemID>
                        <ID>8699982624247</ID>
                    </SupplierItemID>
                    <UPCID></UPCID>
                    <Description>NISALUCE CASANDRA 2LI AVIZE SIYAH</Description>
                    <Field1>BRANDIUM KOÇTAŞ,</Field1>
                    <Field2>02162172600 </Field2>
                    <BudgetCode>Küçükbakkalköy Mah.Dudullu Yolu Cad. No:23-25       ATASEHIR/Istanbul / İstanbul  </BudgetCode>
                    <Note></Note>
                    <Barcode>8699982624247</Barcode>
                </Item>
                <Quantity>1.000</Quantity>
                <DueDate>2019-08-15</DueDate>
                <UnitPrice>
                    <Amount currencyID="TRY">104.50</Amount>
                    <PerQuantity>1</PerQuantity>
                    <Code>ADT</Code>
                </UnitPrice>
            </PurchaseOrderLine>
            <PurchaseOrderLine>
                <LineNumber>00030</LineNumber>
                <Status>Açık</Status>
                <Item>
                    <ItemID>
                        <ID>8699982624230</ID>
                    </ItemID>
                    <CustomerItemID>
                        <ID>000000001000270639</ID>
                    </CustomerItemID>
                    <ManufacturerItemID>
                        <ID></ID>
                    </ManufacturerItemID>
                    <SupplierItemID>
                        <ID>8699982624230</ID>
                    </SupplierItemID>
                    <UPCID></UPCID>
                    <Description>NISALUCE CASANDRA TEKLI AVIZE SIYAH</Description>
                    <Field1>BRANDIUM KOÇTAŞ,</Field1>
                    <Field2>02162172600 </Field2>
                    <BudgetCode>Küçükbakkalköy Mah.Dudullu Yolu Cad. No:23-25       ATASEHIR/Istanbul / İstanbul  </BudgetCode>
                    <Note></Note>
                    <Barcode>8699982624230</Barcode>
                </Item>
                <Quantity>3.000</Quantity>
                <DueDate>2019-08-15</DueDate>
                <UnitPrice>
                    <Amount currencyID="TRY">55.00</Amount>
                    <PerQuantity>1</PerQuantity>
                    <Code>ADT</Code>
                </UnitPrice>
            </PurchaseOrderLine>
            <PurchaseOrderLine>
                <LineNumber>00040</LineNumber>
                <Status>Açık</Status>
                <Item>
                    <ItemID>
                        <ID>8699982620904</ID>
                    </ItemID>
                    <CustomerItemID>
                        <ID>000000001000270832</ID>
                    </CustomerItemID>
                    <ManufacturerItemID>
                        <ID></ID>
                    </ManufacturerItemID>
                    <SupplierItemID>
                        <ID>8699982620904</ID>
                    </SupplierItemID>
                    <UPCID></UPCID>
                    <Description>NISALUCE SANTANA 4LU AVIZE SIYAH</Description>
                    <Field1>BRANDIUM KOÇTAŞ,</Field1>
                    <Field2>02162172600 </Field2>
                    <BudgetCode>Küçükbakkalköy Mah.Dudullu Yolu Cad. No:23-25       ATASEHIR/Istanbul / İstanbul  </BudgetCode>
                    <Note></Note>
                    <Barcode>8699982620904</Barcode>
                </Item>
                <Quantity>2.000</Quantity>
                <DueDate>2019-08-15</DueDate>
                <UnitPrice>
                    <Amount currencyID="TRY">104.50</Amount>
                    <PerQuantity>1</PerQuantity>
                    <Code>ADT</Code>
                </UnitPrice>
            </PurchaseOrderLine>
            <PurchaseOrderSummary>
                <TotalItemCount>3</TotalItemCount>
                <TotalAmount currencyID="TRY">478.50</TotalAmount>
            </PurchaseOrderSummary>
        </PurchaseOrder>
    </DataArea>
</ProcessPurchaseOrder>