<?xml version="1.0" encoding="UTF-8" ?>

<ProcessPurchaseOrder xmlns="http://www.openapplications.org/oagis/9"  xmlns:xsi="http://www.w3.org/2001/XMLSchema-instance" xsi:schemaLocation="http://www.openapplications.org/oagis/9 ProcessPurchaseOrder.xsd" releaseID="normalizedString">
    <ApplicationArea>
        <CreationDateTime>2019-08-10</CreationDateTime>
    </ApplicationArea>
    <DataArea>
        <Process></Process>
        <PurchaseOrder>
            <PurchaseOrderHeader>
                <DocumentID>
                    <ID>5500210343</ID>
                </DocumentID>
                <Status>Açık</Status>
                <SupplierParty>
                    <PartyIDs>
                        <ID></ID>
                    </PartyIDs>
                </SupplierParty>
                <ShipToParty>
                    <Location>
                        <ID>5001</ID>
                        <Name>Müşteri Teslim Adresi</Name>
                        <Directions></Directions>
                        <Address>
                            <AddressLine sequence="1"></AddressLine>
                            <AddressLine sequence="2"></AddressLine>
                            <CityName></CityName>
                            <CountrySubDivisionCode></CountrySubDivisionCode>
                            <CountryCode></CountryCode>
                            <PostalCode></PostalCode>
                        </Address>
                    </Location>
                </ShipToParty>
                <RequestedShipDateTime>2019-08-20</RequestedShipDateTime>
                <ReleaseNumber></ReleaseNumber>
                <Buyer>SYSTEM1</Buyer>
                <OrderType>DSW</OrderType>
            </PurchaseOrderHeader>
            <PurchaseOrderLine>
                <LineNumber>00010</LineNumber>
                <Status>Açık</Status>
                <Item>
                    <ItemID>
                        <ID>8699982625015</ID>
                    </ItemID>
                    <CustomerItemID>
                        <ID>000000001000271177</ID>
                    </CustomerItemID>
                    <ManufacturerItemID>
                        <ID></ID>
                    </ManufacturerItemID>
                    <SupplierItemID>
                        <ID>2140003918365</ID>
                    </SupplierItemID>
                    <UPCID></UPCID>
                    <Description>NISALUCE VELMA 4LU AVIZE  HALATLI</Description>
                    <Field1>NURETTİN,ALTUNTAN</Field1>
                    <Field2>05382432546 </Field2>
                    <BudgetCode>BELDE MAHALLSİ 3273 SOKAK NO:6 ZÜMRÜT PL AZA D BLOK KAT:6 DAİRE:22      BATMAN MERKEZ / Batman  </BudgetCode>
                    <Note></Note>
                    <Barcode>2140003918365</Barcode>
                </Item>
                <Quantity>1.000</Quantity>
                <DueDate>2019-08-20</DueDate>
                <UnitPrice>
                    <Amount currencyID="TRY">143.00</Amount>
                    <PerQuantity>1</PerQuantity>
                    <Code>ADT</Code>
                </UnitPrice>
            </PurchaseOrderLine>
            <PurchaseOrderLine>
                <LineNumber>00020</LineNumber>
                <Status>Açık</Status>
                <Item>
                    <ItemID>
                        <ID>8699982625084</ID>
                    </ItemID>
                    <CustomerItemID>
                        <ID>000000001000270696</ID>
                    </CustomerItemID>
                    <ManufacturerItemID>
                        <ID></ID>
                    </ManufacturerItemID>
                    <SupplierItemID>
                        <ID>8699982625084</ID>
                    </SupplierItemID>
                    <UPCID></UPCID>
                    <Description>NISALUCE VENUS 2LI AVIZE HALATLI</Description>
                    <Field1>NURETTİN,ALTUNTAN</Field1>
                    <Field2>05382432546 </Field2>
                    <BudgetCode>BELDE MAHALLSİ 3273 SOKAK NO:6 ZÜMRÜT PL AZA D BLOK KAT:6 DAİRE:22      BATMAN MERKEZ / Batman  </BudgetCode>
                    <Note></Note>
                    <Barcode>8699982625084</Barcode>
                </Item>
                <Quantity>2.000</Quantity>
                <DueDate>2019-08-20</DueDate>
                <UnitPrice>
                    <Amount currencyID="TRY">110.00</Amount>
                    <PerQuantity>1</PerQuantity>
                    <Code>ADT</Code>
                </UnitPrice>
            </PurchaseOrderLine>
            <PurchaseOrderSummary>
                <TotalItemCount>2</TotalItemCount>
                <TotalAmount currencyID="TRY">363.00</TotalAmount>
            </PurchaseOrderSummary>
        </PurchaseOrder>
    </DataArea>
</ProcessPurchaseOrder>